"ID","Link","Name","Type","Stage Create days","Stage Open days","Stage In Progress days","Stage Ready for Development days","Stage On Hold days","Stage In Code Review days","Stage Ready for PR Test days","Stage In PR Test days","Stage Awaiting SIT Deployment days","Stage Awaiting UAT Deployment days","Stage In Sit days","Stage In UAT days","Stage Awaiting Prod Deployment days","Stage Done days","Stage Deployed to UAT days","Stage Awaiting Deployment days","Stage In SIT Test days","Stage In UAT Test days","Stage In Analysis days","Stage New days","Stage Reviewed days","Stage Backlog days","Stage In Use days","Stage Ready for SIT Test days","Stage Ready for UAT Test days","Stage In PR days","Stage In Test days","Stage In Staging days","Stage Ready for Release days","Stage Pre-Production days","Stage Discovery days","Stage Ready for Staging days","Stage Test - Awaiting Deployment days","Stage Pending Deployment to UAT days","Stage Prod - Pre-check Deployment days","Stage Deployed to Prod days","Stage Closed days","Stage Ready for QA days","Stage Create start","Stage Open start","Stage In Progress start","Stage Ready for Development start","Stage On Hold start","Stage In Code Review start","Stage Ready for PR Test start","Stage In PR Test start","Stage Awaiting SIT Deployment start","Stage Awaiting UAT Deployment start","Stage In Sit start","Stage In UAT start","Stage Awaiting Prod Deployment start","Stage Done start","Stage Deployed to UAT start","Stage Awaiting Deployment start","Stage In SIT Test start","Stage In UAT Test start","Stage In Analysis start","Stage New start","Stage Reviewed start","Stage Backlog start","Stage In Use start","Stage Ready for SIT Test start","Stage Ready for UAT Test start","Stage In PR start","Stage In Test start","Stage In Staging start","Stage Ready for Release start","Stage Pre-Production start","Stage Discovery start","Stage Ready for Staging start","Stage Test - Awaiting Deployment start","Stage Pending Deployment to UAT start","Stage Prod - Pre-check Deployment start","Stage Deployed to Prod start","Stage Closed start","Stage Ready for QA start","Stage Create recurrence","Stage Open recurrence","Stage In Progress recurrence","Stage Ready for Development recurrence","Stage On Hold recurrence","Stage In Code Review recurrence","Stage Ready for PR Test recurrence","Stage In PR Test recurrence","Stage Awaiting SIT Deployment recurrence","Stage Awaiting UAT Deployment recurrence","Stage In Sit recurrence","Stage In UAT recurrence","Stage Awaiting Prod Deployment recurrence","Stage Done recurrence","Stage Deployed to UAT recurrence","Stage Awaiting Deployment recurrence","Stage In SIT Test recurrence","Stage In UAT Test recurrence","Stage In Analysis recurrence","Stage New recurrence","Stage Reviewed recurrence","Stage Backlog recurrence","Stage In Use recurrence","Stage Ready for SIT Test recurrence","Stage Ready for UAT Test recurrence","Stage In PR recurrence","Stage In Test recurrence","Stage In Staging recurrence","Stage Ready for Release recurrence","Stage Pre-Production recurrence","Stage Discovery recurrence","Stage Ready for Staging recurrence","Stage Test - Awaiting Deployment recurrence","Stage Pending Deployment to UAT recurrence","Stage Prod - Pre-check Deployment recurrence","Stage Deployed to Prod recurrence","Stage Closed recurrence","Stage Ready for QA recurrence","Sprint","SprintGoals","SprintStartDate","SprintEndDate","StoryPoints","Stage","StatusCategory","Priority","Labels","Components","Version","VersionRelease","ParentId","ParentName","ParentType","AssigneeName","Timeoriginalestimate","Timeestimate","Timespent","CreatedDate","UpdatedDate","FixVersions","Project","Squad"
"WEB-219","https://mecca-brands.atlassian.net//browse/WEB-219",".NET 8 Upgrade","Epic","2.7","","","","","","","","","","","","","","","","","","","","","","","","","","","","","","","","","","","","","","2025-03-26T02:47:34.590Z","","","","","","","","","","","","","","","","","","","","","","","","","","","","","","","","","","","","","","1","","","","","","","","","","","","","","","","","","","","","","","","","","","","","","","","","","","","","","","","","","0","Create","To Do","High","TD.Q2.2025","","","","","","","","","","","2025-03-26T13:47:34.590+1100","2025-03-28T10:00:50.110+1100","","BFF Chapter",""
"WEB-218","https://mecca-brands.atlassian.net//browse/WEB-218","WEB Feature Toggle Cleanup","Epic","2.7","","","","","","","","","","","","","","","","","","","","","","","","","","","","","","","","","","","","","","2025-03-26T02:42:33.270Z","","","","","","","","","","","","","","","","","","","","","","","","","","","","","","","","","","","","","","1","","","","","","","","","","","","","","","","","","","","","","","","","","","","","","","","","","","","","","","","","","0","Create","To Do","Medium","TD.Q2.2025","","","","","","","","","","","2025-03-26T13:42:33.270+1100","2025-03-28T09:56:29.076+1100","","BFF Chapter",""
"WEB-171","https://mecca-brands.atlassian.net//browse/WEB-171","WEB BFF - upgrade launchdarkly server side SDK to version 8","Epic","1.6","214.8","72","0.2","","","","","","","","","","","","","","","","","","","","","","","","","","","","","","","","","","","2025-03-27T05:02:18.885Z","2024-06-13T04:48:04.024Z","2025-01-13T23:43:40.913Z","2025-03-26T23:23:47.115Z","","","","","","","","","","","","","","","","","","","","","","","","","","","","","","","","","","","1","1","1","1","","","","","","","","","","","","","","","","","","","","","","","","","","","","","","","","","","","","","","","0","Create","To Do","High","[""BFF-LFW-TD-Q3.2024""-""TD.Q2.2025""]","","","","","","","","","","","2024-06-13T14:48:04.024+1000","2025-03-28T10:01:04.603+1100","","BFF Chapter",""
"SIT-1118","https://mecca-brands.atlassian.net//browse/SIT-1118","XM - Cleanup component fields","Epic","","0.9","","","","","","","","","","","","","","","","","","","","","","","","","","","","","","","","","","","","","","2025-03-27T22:27:33.819Z","","","","","","","","","","","","","","","","","","","","","","","","","","","","","","","","","","","","","","1","","","","","","","","","","","","","","","","","","","","","","","","","","","","","","","","","","","","","","","","","0","Open","To Do","P3","sitecore-tech-debt","","","","","","","","","","","2025-03-28T09:27:33.819+1100","2025-03-28T09:29:33.205+1100","","Sitecore",""
"SIT-1095","https://mecca-brands.atlassian.net//browse/SIT-1095","XM - Remove redundant fields from Global Mini Hero Banner data templates","Improvement","","4.6","","","","","","","","","","","","","","","","","","","","","","","","","","","","","","","","","","","","","","2025-03-24T06:00:54.695Z","","","","","","","","","","","","","","","","","","","","","","","","","","","","","","","","","","","","","","1","","","","","","","","","","","","","","","","","","","","","","","","","","","","","","","","","","","","","","","","","0","Open","To Do","Low","[""sitecore-backlog""-""sitecore-tech-debt""]","","","","SIT-1118","XM - Cleanup component fields","Epic","","","","","2025-03-24T17:00:54.695+1100","2025-03-28T16:53:00.405+1100","","Sitecore",""
"SIT-41","https://mecca-brands.atlassian.net//browse/SIT-41","As a Content Hub user I want to be able to mass assign image caption to product variants","Story","","135.8","296.7","","720.1","","","","","","","","","","","","","","","","","","","","","","","","","","","","","","","","","","","2025-03-27T22:39:25.840Z","2024-06-04T05:15:14.267Z","","2022-06-15T03:00:13.540Z","","","","","","","","","","","","","","","","","","","","","","","","","","","","","","","","","","","2","1","","1","","","","","","","","","","","","","","","","","","","","","","","","","","","","","","","","","","","","","","0","Open","To Do","Medium","","","","","SIT-62","Migrating PIM media management features to Content Hub","Epic","","","","","2022-01-31T17:11:32.223+1100","2025-03-28T09:39:25.840+1100","","Sitecore",""
"MFW-2644","https://mecca-brands.atlassian.net//browse/MFW-2644","[FED] MiniHeroBanner Perso is not rendering image","Defect","","","0.1","","","","","0.1","","0.6","","","","","","","","","","","","","","","","","","","","","","","","","","","","","","2025-03-28T00:47:11.810Z","2025-03-28T00:54:46.760Z","","","2025-03-28T02:55:57.158Z","2025-03-28T03:20:21.944Z","2025-03-28T03:22:16.530Z","2025-03-28T05:47:01.575Z","2025-03-28T05:49:28.684Z","","","","","","","","","","","","","","","","","","","","","","","","","","","","","","1","1","","","1","1","1","1","1","","","","","","","","","","","","","","","","","","","","","","","","","","","","","Mando Sprint 6.1.25","1. CSP release
2. Finalise .Net 8 upgrade ready for release
QBP 28th March","2025-03-18T23:25:17.698Z","2025-03-31T13:00:00.000Z","1","Awaiting UAT Deployment","In Progress","Low","","","01.04.25","2025-04-01","","","","Lauren Chia","","","","2025-03-28T11:47:11.810+1100","2025-03-28T16:49:28.684+1100","01.04.25","Upper Funnel Web",""
"MFW-2639","https://mecca-brands.atlassian.net//browse/MFW-2639","[FED] Remove CSP from all Apps and modify CSP function","Task","","","1.1","","","","","","","","0.1","","0.8","0.9","","","","","","","","","","","","","","","","","","","","","","","","","","2025-03-25T22:28:38.649Z","2025-03-25T22:28:39.241Z","","","","","","","","2025-03-27T01:05:04.299Z","2025-03-27T02:58:51.816Z","2025-03-27T03:37:56.385Z","2025-03-27T22:05:06.818Z","","","","","","","","","","","","","","","","","","","","","","","","","","1","1","","","","","","","","1","1","1","1","","","","","","","","","","","","","","","","","","","","","","","","","Mando Sprint 6.1.25","1. CSP release
2. Finalise .Net 8 upgrade ready for release
QBP 28th March","2025-03-18T23:25:17.698Z","2025-03-31T13:00:00.000Z","2","Done","Done","Low","","","27.03.25","2025-03-27","","","","Stephanie Tassone","","","","2025-03-26T09:28:38.649+1100","2025-03-28T09:05:17.894+1100","27.03.25","Upper Funnel Web",""
"MFW-2631","https://mecca-brands.atlassian.net//browse/MFW-2631","[FE] Props missing on countdown banner","Sub-task","","","0.1","","","","0.1","","","","","","2.9","0.9","","","","","","","","","","","","","","","","","","","","","","","","","","2025-03-24T21:31:08.257Z","2025-03-24T21:31:26.404Z","","","","2025-03-24T22:56:47.809Z","","","2025-03-25T00:49:34.105Z","2025-03-25T00:13:47.290Z","","2025-03-25T01:11:47.488Z","2025-03-27T22:05:04.059Z","2025-03-25T01:11:35.001Z","2025-03-25T01:11:44.882Z","","","","","","","","","","","","","","","","","","","","","","","","1","1","","","","1","","","1","1","","1","1","1","1","","","","","","","","","","","","","","","","","","","","","","","[""Mando Sprint 5.1.25""-""Mando Sprint 6.1.25""]","[""1. POC for NX n2. Apply CSP to critical appsnnPH: 10 March""-""1. CSP releasen2. Finalise .Net 8 upgrade ready for releasenQBP 28th March""]","[""2025-03-04T23:29:14.605Z""-""2025-03-18T23:25:17.698Z""]","[""2025-03-17T13:00:00.000Z""-""2025-03-31T13:00:00.000Z""]","1","Done","Done","Low","","","27.03.25","2025-03-27","MFW-2490","[FED] Make mini hero banner only render one mobile or one desktop image","Task","Stephanie Tassone","","","","2025-03-25T08:31:08.257+1100","2025-03-28T09:05:36.089+1100","27.03.25","Upper Funnel Web",""
"MFW-2552","https://mecca-brands.atlassian.net//browse/MFW-2552","[FED] Apply CSP to Critical Apps","Story","","38.8","","","","","","","","","","","","","","","","","","","","","","","","","","","","","","","","","","","","","","2025-02-18T00:04:08.891Z","","","","","","","","","","","","","","","","","","","","","","","","","","","","","","","","","","","","","","1","","","","","","","","","","","","","","","","","","","","","","","","","","","","","","","","","","","","","[""Mando Sprint 5.1.25""-""Mando Sprint 6.1.25""]","[""1. POC for NX n2. Apply CSP to critical appsnnPH: 10 March""-""1. CSP releasen2. Finalise .Net 8 upgrade ready for releasenQBP 28th March""]","[""2025-03-04T23:29:14.605Z""-""2025-03-18T23:25:17.698Z""]","[""2025-03-17T13:00:00.000Z""-""2025-03-31T13:00:00.000Z""]","1","Open","To Do","Medium","Amy-watching","","","","PLA-5749","Product Engineering: Q2 BAU","Epic","","","","","2025-02-18T11:04:08.891+1100","2025-03-28T14:03:49.391+1100","","Upper Funnel Web",""
"LFW-4591","https://mecca-brands.atlassian.net//browse/LFW-4591","[BFF] - Map Personal service selection in my account","Sub-task","","0.6","","","","","","","","","","","","","","","","","","","","","","","","","","","","","","","","","","","","","","2025-03-28T06:29:41.131Z","","","","","","","","","","","","","","","","","","","","","","","","","","","","","","","","","","","","","","1","","","","","","","","","","","","","","","","","","","","","","","","","","","","","","","","","","","","","Refined","","","","2","Open","To Do","P3","","BFF","","","LFW-4550","ACCOUNT: Service Bookings Listings","Story","","","","","2025-03-28T17:29:41.131+1100","2025-03-28T17:29:45.104+1100","","Lower Funnel Web",""
"LFW-4590","https://mecca-brands.atlassian.net//browse/LFW-4590","[BFF] - Map personal shopping service selection for Checkout","Sub-task","","0.6","","","","","","","","","","","","","","","","","","","","","","","","","","","","","","","","","","","","","","2025-03-28T06:15:17.105Z","","","","","","","","","","","","","","","","","","","","","","","","","","","","","","","","","","","","","","1","","","","","","","","","","","","","","","","","","","","","","","","","","","","","","","","","","","","","Refined","","","","2","Open","To Do","P3","","BFF","","","LFW-4543","CHECKOUT: Personal Shopping Experience Service","Story","","","","","2025-03-28T17:15:17.105+1100","2025-03-28T17:15:28.808+1100","","Lower Funnel Web",""
"LFW-4589","https://mecca-brands.atlassian.net//browse/LFW-4589","[BFF] - Map personal shopping service selection for Bag","Sub-task","","0.6","","","","","","","","","","","","","","","","","","","","","","","","","","","","","","","","","","","","","","2025-03-28T06:12:47.041Z","","","","","","","","","","","","","","","","","","","","","","","","","","","","","","","","","","","","","","1","","","","","","","","","","","","","","","","","","","","","","","","","","","","","","","","","","","","","Refined","","","","2","Open","To Do","P3","","BFF","","","LFW-4546","BAG: Personal Shopping Experience Service","Story","","","","","2025-03-28T17:12:47.041+1100","2025-03-28T17:14:52.648+1100","","Lower Funnel Web",""
"LFW-4588","https://mecca-brands.atlassian.net//browse/LFW-4588","[FE]: Submit questions answer to BFF","Sub-task","","0.6","","","","","","","","","","","","","","","","","","","","","","","","","","","","","","","","","","","","","","2025-03-28T06:07:13.892Z","","","","","","","","","","","","","","","","","","","","","","","","","","","","","","","","","","","","","","1","","","","","","","","","","","","","","","","","","","","","","","","","","","","","","","","","","","","","Refined","","","","2","Open","To Do","P3","","FED","","","LFW-4558","SERVICE: Manage Confirm Personal Shopping Experience","Story","","","","","2025-03-28T17:07:13.892+1100","2025-03-28T17:07:23.448+1100","","Lower Funnel Web",""
"LFW-4587","https://mecca-brands.atlassian.net//browse/LFW-4587","[DomainService]: Submit Selected answer to JRNI","Sub-task","","0.6","","","","","","","","","","","","","","","","","","","","","","","","","","","","","","","","","","","","","","2025-03-28T06:04:51.240Z","","","","","","","","","","","","","","","","","","","","","","","","","","","","","","","","","","","","","","1","","","","","","","","","","","","","","","","","","","","","","","","","","","","","","","","","","","","","Refined","","","","2","Open","To Do","P3","","","","","LFW-4558","SERVICE: Manage Confirm Personal Shopping Experience","Story","","","","","2025-03-28T17:04:51.240+1100","2025-03-28T17:04:52.273+1100","","Lower Funnel Web",""
"LFW-4586","https://mecca-brands.atlassian.net//browse/LFW-4586","[BFF] : Submit Selected answer to Domain Service","Sub-task","","0.6","","","","","","","","","","","","","","","","","","","","","","","","","","","","","","","","","","","","","","2025-03-28T05:32:39.836Z","","","","","","","","","","","","","","","","","","","","","","","","","","","","","","","","","","","","","","1","","","","","","","","","","","","","","","","","","","","","","","","","","","","","","","","","","","","","Refined","","","","2","Open","To Do","P3","","BFF","","","LFW-4558","SERVICE: Manage Confirm Personal Shopping Experience","Story","","","","","2025-03-28T16:32:39.836+1100","2025-03-28T16:32:44.926+1100","","Lower Funnel Web",""
"LFW-4585","https://mecca-brands.atlassian.net//browse/LFW-4585","[DomainService]: Return question list from JRNI","Sub-task","","0.6","","","","","","","","","","","","","","","","","","","","","","","","","","","","","","","","","","","","","","2025-03-28T05:01:22.953Z","","","","","","","","","","","","","","","","","","","","","","","","","","","","","","","","","","","","","","1","","","","","","","","","","","","","","","","","","","","","","","","","","","","","","","","","","","","","Refined","","","","2","Open","To Do","P3","","","","","LFW-4540","SERVICE: View Confirm Personal Shopping Experience","Story","","","","","2025-03-28T16:01:22.953+1100","2025-03-28T16:01:23.912+1100","","Lower Funnel Web",""
"LFW-4584","https://mecca-brands.atlassian.net//browse/LFW-4584","[BFF]: Map question list from domain service","Sub-task","","0.6","","","","","","","","","","","","","","","","","","","","","","","","","","","","","","","","","","","","","","2025-03-28T05:00:14.260Z","","","","","","","","","","","","","","","","","","","","","","","","","","","","","","","","","","","","","","1","","","","","","","","","","","","","","","","","","","","","","","","","","","","","","","","","","","","","Refined","","","","2","Open","To Do","P3","","BFF","","","LFW-4540","SERVICE: View Confirm Personal Shopping Experience","Story","","","","","2025-03-28T16:00:14.260+1100","2025-03-28T16:00:18.765+1100","","Lower Funnel Web",""
"LFW-4583","https://mecca-brands.atlassian.net//browse/LFW-4583","[BFF]: Map sitecore data for PSE content","Sub-task","","0.6","","","","","","","","","","","","","","","","","","","","","","","","","","","","","","","","","","","","","","2025-03-28T04:37:12.240Z","","","","","","","","","","","","","","","","","","","","","","","","","","","","","","","","","","","","","","1","","","","","","","","","","","","","","","","","","","","","","","","","","","","","","","","","","","","","Refined","","","","2","Open","To Do","P3","","BFF","","","LFW-4542","SITECORE: Author Personal Shopper Review Screen","Story","","","","","2025-03-28T15:37:12.240+1100","2025-03-28T15:37:16.721+1100","","Lower Funnel Web",""
"LFW-4582","https://mecca-brands.atlassian.net//browse/LFW-4582","[XM]: Add a template for PSE content","Sub-task","","0.7","","","","","","","","","","","","","","","","","","","","","","","","","","","","","","","","","","","","","","2025-03-28T04:09:07.602Z","","","","","","","","","","","","","","","","","","","","","","","","","","","","","","","","","","","","","","1","","","","","","","","","","","","","","","","","","","","","","","","","","","","","","","","","","","","","Refined","","","","2","Open","To Do","P3","","XM","","","LFW-4542","SITECORE: Author Personal Shopper Review Screen","Story","","","","","2025-03-28T15:09:07.602+1100","2025-03-28T15:37:41.037+1100","","Lower Funnel Web",""
"LFW-4580","https://mecca-brands.atlassian.net//browse/LFW-4580","[FE]: BL account page crashes if CoS heading or description is null","Defect","","","","","","0.1","","","","0.7","","","","","","","","","","","","","","","","","","","","","","","","","","","","","","2025-03-28T00:13:46.315Z","2025-03-28T00:25:36.367Z","","","2025-03-28T00:26:51.567Z","","","","2025-03-28T03:36:38.188Z","","","","","","","","","","","","","","","","","","","","","","","","","","","","","","1","1","","","1","","","","1","","","","","","","","","","","","","","","","","","","","","","","","","","","","","LFW 6.1.25","Complete upgrade of React activity (Part 1 of Next JS)- Choice of Service Modal complete- Choice of Service E2E Modal QA Complete","2025-03-19T00:47:27.235Z","2025-04-02T03:30:00.000Z","1","Awaiting UAT Deployment","In Progress","P3","","FED","","","LFW-4364","LFW - Choice of Service","Epic","","","","","2025-03-28T11:13:46.315+1100","2025-03-28T14:36:38.188+1100","","Lower Funnel Web",""
"LFW-4579","https://mecca-brands.atlassian.net//browse/LFW-4579","[BFF] - Handle more than just one benefit code","Sub-task","","1.6","","","","","","","","","","","","","","","","","","","","","","","","","","","","","","","","","","","","","","2025-03-27T04:51:51.181Z","","","","","","","","","","","","","","","","","","","","","","","","","","","","","","","","","","","","","","1","","","","","","","","","","","","","","","","","","","","","","","","","","","","","","","","","","","","","LFW 6.1.25","Complete upgrade of React activity (Part 1 of Next JS)- Choice of Service Modal complete- Choice of Service E2E Modal QA Complete","2025-03-19T00:47:27.235Z","2025-04-02T03:30:00.000Z","2","Open","To Do","P3","[""BFF""-""LowerFunnelWeb""]","BFF","","","LFW-4388","Account - Choice of Service with LMS","Story","","","","","2025-03-27T15:51:51.181+1100","2025-03-28T13:39:50.361+1100","","Lower Funnel Web",""
"LFW-4541","https://mecca-brands.atlassian.net//browse/LFW-4541","Personal Shopper","Epic","","7.7","","","","","","","","","","","","","","","","","","","","","","","","","","","","","","","","","","","","","","2025-03-21T03:39:55.270Z","","","","","","","","","","","","","","","","","","","","","","","","","","","","","","","","","","","","","","1","","","","","","","","","","","","","","","","","","","","","","","","","","","","","","","","","","","","","","","","","0","Open","To Do","Medium","LowerFunnel","","","","","","","Jun Lim","","","","2025-03-21T14:39:55.270+1100","2025-03-28T11:05:05.467+1100","","Lower Funnel Web",""
"LFW-4429","https://mecca-brands.atlassian.net//browse/LFW-4429","[BFF] - Update BFF Account to return CoS tiles from SFCC","Sub-task","","23.7","","","","","","","","","","","","","","","","","","","","","","","","","","","","","","","","","","","","","","2025-03-05T03:58:59.112Z","","","","","","","","","","","","","","","","","","","","","","","","","","","","","","","","","","","","","","1","","","","","","","","","","","","","","","","","","","","","","","","","","","","","","","","","","","","","LFW 6.1.25","Complete upgrade of React activity (Part 1 of Next JS)- Choice of Service Modal complete- Choice of Service E2E Modal QA Complete","2025-03-19T00:47:27.235Z","2025-04-02T03:30:00.000Z","2","Open","To Do","Medium","","BFF","","","LFW-4391","PIM: Create and author a Service Tile","Story","Luke Waldren","","","","2025-03-05T14:58:59.112+1100","2025-03-28T10:14:49.953+1100","","Lower Funnel Web",""
"LFW-4425","https://mecca-brands.atlassian.net//browse/LFW-4425","[BFF] - Update bff-account to return member benefits from LMS/Mule","Sub-task","","19.8","3.1","","","1.6","","","","","","","","","","","","","","","","","","","","","","","","","","","","","","","","","","2025-03-04T08:14:41.042Z","2025-03-24T03:24:27.287Z","","","2025-03-27T06:02:06.874Z","","","","","","","","","","","","","","","","","","","","","","","","","","","","","","","","","","1","1","","","1","","","","","","","","","","","","","","","","","","","","","","","","","","","","","","","","","LFW 6.1.25","Complete upgrade of React activity (Part 1 of Next JS)- Choice of Service Modal complete- Choice of Service E2E Modal QA Complete","2025-03-19T00:47:27.235Z","2025-04-02T03:30:00.000Z","3","In Code Review","In Progress","Medium","","BFF","","","LFW-4388","Account - Choice of Service with LMS","Story","Luke Waldren","","","","2025-03-04T19:14:41.042+1100","2025-03-28T10:14:37.460+1100","","Lower Funnel Web",""
"LFW-4392","https://mecca-brands.atlassian.net//browse/LFW-4392","Sitecore: Create and author Choice of Service Modal","Story","","23.7","1","","","","","","","","","","0.6","","","","0.3","1","","","","","","","","","","","","","","","","","","","","","","2025-03-02T06:26:00.253Z","2025-03-25T22:16:23.751Z","","","","","","","","","","2025-03-28T05:55:22.272Z","","","","2025-03-26T23:14:43.447Z","2025-03-27T06:33:06.752Z","","","","","","","","","","","","","","","","","","","","","","1","1","","","","","","","","","","1","","","","1","1","","","","","","","","","","","","","","","","","","","","","LFW 6.1.25","Complete upgrade of React activity (Part 1 of Next JS)- Choice of Service Modal complete- Choice of Service E2E Modal QA Complete","2025-03-19T00:47:27.235Z","2025-04-02T03:30:00.000Z","3","Awaiting Prod Deployment","In Progress","Medium","LowerFunnel","QA","28.03.25","2025-03-31","LFW-4364","LFW - Choice of Service","Epic","MICHELLE NOBLEZA","","","","2025-03-02T17:26:00.253+1100","2025-03-28T16:56:01.169+1100","28.03.25","Lower Funnel Web",""
"LFW-4364","https://mecca-brands.atlassian.net//browse/LFW-4364","LFW - Choice of Service","Epic","","22.1","8.8","","","","","","","","","","","","","","","","","","","","","","","","","","","","","","","","","","","","","2025-02-25T21:46:38.150Z","2025-03-20T00:35:19.654Z","","","","","","","","","","","","","","","","","","","","","","","","","","","","","","","","","","","","","1","1","","","","","","","","","","","","","","","","","","","","","","","","","","","","","","","","","","","","","","","","0","In Progress","In Progress","Medium","LowerFunnel","","","","","","","","","","","2025-02-26T08:46:38.150+1100","2025-03-28T11:05:05.957+1100","","Lower Funnel Web",""
"LFW-4333","https://mecca-brands.atlassian.net//browse/LFW-4333","Automation | Create a fallback on failure to attempt with mocked data to rule out FE defect early","Task","","37.8","","","","","","","","","","","","","","","","","","","","","","","","","","","","","","","","","","","","","","2025-02-19T00:13:13.388Z","","","","","","","","","","","","","","","","","","","","","","","","","","","","","","","","","","","","","","1","","","","","","","","","","","","","","","","","","","","","","","","","","","","","","","","","","","","","Ready to Refine","Tickets awaiting Refinement","","","0","Open","To Do","Low","[""LowerFunnel""-""ScriptMaintenance""]","Automation Suite","","","","","","","","","","2025-02-19T11:13:13.388+1100","2025-03-28T14:48:28.736+1100","","Lower Funnel Web",""
"LFW-4238","https://mecca-brands.atlassian.net//browse/LFW-4238","AUTOMATION_MAINTENANCE: Fix/Setup SIT testdata for PDP - product-item-details","Task","","49.8","","","","","","","","","","","","","","","","","","","","","","","","","","","","","","","","","","","","","","2025-02-07T00:44:03.083Z","","","","","","","","","","","","","","","","","","","","","","","","","","","","","","","","","","","","","","1","","","","","","","","","","","","","","","","","","","","","","","","","","","","","","","","","","","","","","","","","","Open","To Do","Low","[""LowerFunnelWeb""-""ScriptMaintenance""]","Automation Suite","","","","","","Mark Joco","","","","2025-02-07T11:44:03.083+1100","2025-03-28T14:48:24.660+1100","","Lower Funnel Web",""
"LFW-4237","https://mecca-brands.atlassian.net//browse/LFW-4237","AUTOMATION_MAINTENANCE: Setup SIT testdata for PDP - complete-the-look","Task","","49.8","","","","","","","","","","","","","","","","","","","","","","","","","","","","","","","","","","","","","","2025-02-07T00:38:45.091Z","","","","","","","","","","","","","","","","","","","","","","","","","","","","","","","","","","","","","","1","","","","","","","","","","","","","","","","","","","","","","","","","","","","","","","","","","","","","","","","","","Open","To Do","Low","[""LowerFunnelWeb""-""ScriptMaintenance""]","Automation Suite","","","","","","Mark Joco","","","","2025-02-07T11:38:45.091+1100","2025-03-28T14:48:16.562+1100","","Lower Funnel Web",""
"LFW-4177","https://mecca-brands.atlassian.net//browse/LFW-4177","AU - User use different shipping and billing info with both having saved company details","Test","","","","","","","","","","","","","","","","","","","32","37.8","0.7","","","","","","","","","","","","","","","","","","","2025-01-17T06:30:07.732Z","","","","","","","","","","","","","","","","","2025-01-17T06:41:13.380Z","2025-02-18T06:29:48.263Z","2025-03-28T02:42:45.526Z","","","","","","","","","","","","","","","","","","","1","","","","","","","","","","","","","","","","","1","1","1","","","","","","","","","","","","","","","","","","Test Cases","","","","0","Reviewed","In Progress","Medium","","","","","","","","","","","","2025-01-17T17:30:07.732+1100","2025-03-28T13:42:45.526+1100","","Lower Funnel Web",""
"LFW-4175","https://mecca-brands.atlassian.net//browse/LFW-4175","AU - Employee user placing an order using Saved Address that have Company value","Test","","","","","","","","","","","","","","","","","","","32","37.8","0.7","","","","","","","","","","","","","","","","","","","2025-01-17T06:30:02.100Z","","","","","","","","","","","","","","","","","2025-01-17T06:40:19.931Z","2025-02-18T06:29:48.544Z","2025-03-28T02:42:47.190Z","","","","","","","","","","","","","","","","","","","1","","","","","","","","","","","","","","","","","1","1","1","","","","","","","","","","","","","","","","","","Test Cases","","","","0","Reviewed","In Progress","Low","","","","","","","","","","","","2025-01-17T17:30:02.100+1100","2025-03-28T13:42:47.190+1100","","Lower Funnel Web",""
"LFW-4173","https://mecca-brands.atlassian.net//browse/LFW-4173","NZ - Guest user entered text in Company field","Test","","","","","","","","","","","","","","","","","","","32","33.9","4.7","","","","","","","","","","","","","","","","","","","2025-01-17T06:29:56.511Z","","","","","","","","","","","","","","","","","2025-01-17T06:40:07.514Z","2025-02-18T06:29:48.449Z","2025-03-24T03:23:57.563Z","","","","","","","","","","","","","","","","","","","1","","","","","","","","","","","","","","","","","1","1","1","","","","","","","","","","","","","","","","","","Test Cases","","","","0","Reviewed","In Progress","High","","","","","","","","","","","","2025-01-17T17:29:56.511+1100","2025-03-28T13:44:40.248+1100","","Lower Funnel Web",""
"LFW-4172","https://mecca-brands.atlassian.net//browse/LFW-4172","AU - Registered user entered text in Company field","Test","","","","","","","","","","","","","","","","","","","32","33.9","4.7","","","","","","","","","","","","","","","","","","","2025-01-17T06:29:51.070Z","","","","","","","","","","","","","","","","","2025-01-17T06:40:02.543Z","2025-02-18T06:29:48.358Z","2025-03-24T03:24:02.019Z","","","","","","","","","","","","","","","","","","","1","","","","","","","","","","","","","","","","","1","1","1","","","","","","","","","","","","","","","","","","Test Cases","","","","0","Reviewed","In Progress","High","","","","","","","","","","","","2025-01-17T17:29:51.070+1100","2025-03-28T13:44:43.547+1100","","Lower Funnel Web",""
"LFW-3534","https://mecca-brands.atlassian.net//browse/LFW-3534","LFW - TC11_Bag_Multiple Product with Variant","Test","","174.1","","","","","","","","","","","","","","","","","","37.8","","","0.7","","","","","","","","","","","","","","","","","2024-08-28T03:27:19.784Z","","","","","","","","","","","","","","","","","","2025-02-18T06:29:02.108Z","2025-03-28T02:48:42.050Z","2024-08-28T03:24:18.210Z","2025-03-28T02:48:44.403Z","","","","","","","","","","","","","","","","","1","","","","","","","","","","","","","","","","","","1","1","1","1","","","","","","","","","","","","","","","","Test Cases","","","","0","In Use","Done","Low","","Bag-Regression","","","","","","","","","","2024-08-28T13:24:18.210+1000","2025-03-28T13:48:44.403+1100","","Lower Funnel Web",""
"LFW-3531","https://mecca-brands.atlassian.net//browse/LFW-3531","LFW - TC13_Bag_Online Only Product","Test","","174.1","","","","","","","","","","","","","","","","","","37.8","","","0.7","","","","","","","","","","","","","","","","","2024-08-28T03:27:17.675Z","","","","","","","","","","","","","","","","","","2025-02-18T06:29:13.274Z","2025-03-28T02:49:18.790Z","2024-08-28T03:24:06.278Z","2025-03-28T02:49:21.144Z","","","","","","","","","","","","","","","","","1","","","","","","","","","","","","","","","","","","1","1","1","1","","","","","","","","","","","","","","","","Test Cases","","","","0","In Use","Done","Low","","Bag-Regression","","","","","","","","","","2024-08-28T13:24:06.278+1000","2025-03-28T13:49:23.901+1100","","Lower Funnel Web",""
"LFW-3530","https://mecca-brands.atlassian.net//browse/LFW-3530","LFW - TC03_Bag_Virtual Products","Test","","174.1","","","","","","","","","","","","","","","","","","37.8","0.7","","","","","","","","","","","","","","","","","","","2024-08-28T03:27:16.942Z","","","","","","","","","","","","","","","","","","2025-02-18T06:29:02.398Z","2025-03-28T02:47:42.658Z","2024-08-28T03:25:01.316Z","","","","","","","","","","","","","","","","","","1","","","","","","","","","","","","","","","","","","1","1","1","","","","","","","","","","","","","","","","","Test Cases","","","","0","Reviewed","In Progress","Low","","","","","","","","","","","","2024-08-28T13:25:01.316+1000","2025-03-28T13:47:42.658+1100","","Lower Funnel Web",""
"LFW-3521","https://mecca-brands.atlassian.net//browse/LFW-3521","LFW  - Login_Set Password","Test","","174.1","","","","","","","","","","","","","","","","","","37.8","","","0.7","","","","","","","","","","","","","","","","","2024-08-28T03:23:44.519Z","","","","","","","","","","","","","","","","","","2025-02-18T06:29:01.456Z","2025-03-28T02:50:11.536Z","2024-08-28T03:20:24.332Z","2025-03-28T02:50:13.668Z","","","","","","","","","","","","","","","","","1","","","","","","","","","","","","","","","","","","1","1","1","1","","","","","","","","","","","","","","","","Test Cases","","","","0","In Use","Done","Low","","Register+Login -Regression","","","","","","","","","","2024-08-28T13:20:24.332+1000","2025-03-28T13:50:13.668+1100","","Lower Funnel Web",""
"LFW-3519","https://mecca-brands.atlassian.net//browse/LFW-3519","LFW - Login_Customer change email in store","Test","","174.1","","","","","","","","","","","","","","","","","","37.8","0.7","","","","","","","","","","","","","","","","","","","2024-08-28T03:23:42.834Z","","","","","","","","","","","","","","","","","","2025-02-18T06:29:01.261Z","2025-03-28T02:50:50.810Z","2024-08-28T03:20:09.114Z","","","","","","","","","","","","","","","","","","1","","","","","","","","","","","","","","","","","","1","1","1","","","","","","","","","","","","","","","","","Test Cases","","","","0","Reviewed","In Progress","Medium","","Register+Login -Regression","","","","","","","","","","2024-08-28T13:20:09.114+1000","2025-03-28T13:50:58.906+1100","","Lower Funnel Web",""
"LFW-3518","https://mecca-brands.atlassian.net//browse/LFW-3518","LFW - Wishlist_Guest Wishlist","Test","","174.1","","","","","","","","","","","","","","","","","","37.9","0.7","","","","","","","","","","","","","","","","","","","2024-08-28T03:17:00.350Z","","","","","","","","","","","","","","","","","","2025-02-18T06:28:35.719Z","2025-03-28T02:53:38.865Z","2024-08-28T03:14:27.378Z","","","","","","","","","","","","","","","","","","1","","","","","","","","","","","","","","","","","","1","1","1","","","","","","","","","","","","","","","","","Test Cases","","","","0","Reviewed","In Progress","Medium","","Wishlist-Regression","","","","","","","","","","2024-08-28T13:14:27.378+1000","2025-03-28T13:55:17.897+1100","","Lower Funnel Web",""
"LFW-3517","https://mecca-brands.atlassian.net//browse/LFW-3517","LFW - Wishlist_Authenticated User Wishlist","Test","","174.1","","","","","","","","","","","","","","","","","","38.6","","","","","","","","","","","","","","","","","","","","2024-08-28T03:16:59.593Z","","","","","","","","","","","","","","","","","","2025-02-18T06:29:15.094Z","","2024-08-28T03:14:21.749Z","","","","","","","","","","","","","","","","","","1","","","","","","","","","","","","","","","","","","1","","1","","","","","","","","","","","","","","","","","Test Cases","","","","0","New","To Do","Medium","","Wishlist-Regression","","","","","","","","","","2024-08-28T13:14:21.749+1000","2025-03-28T13:57:03.337+1100","","Lower Funnel Web",""
"LFW-3516","https://mecca-brands.atlassian.net//browse/LFW-3516","LFW - Wishlist_Public Wishlist","Test","","174.1","","","","","","","","","","","","","","","","","","37.9","","","0.7","","","","","","","","","","","","","","","","","2024-08-28T03:16:58.773Z","","","","","","","","","","","","","","","","","","2025-02-18T06:29:00.753Z","2025-03-28T02:57:27.008Z","2024-08-28T03:14:14.870Z","2025-03-28T02:57:30.096Z","","","","","","","","","","","","","","","","","1","","","","","","","","","","","","","","","","","","1","1","1","1","","","","","","","","","","","","","","","","Test Cases","","","","0","In Use","Done","Low","","Wishlist-Regression","","","","","","","","","","2024-08-28T13:14:14.870+1000","2025-03-28T13:57:33.424+1100","","Lower Funnel Web",""
"LFW-3514","https://mecca-brands.atlassian.net//browse/LFW-3514","LFW - Wishlist_AddRemoveUpdateProducts_GuestWishlist","Test","","174.1","","","","","","","","","","","","","","","","","","37.9","0.7","","","","","","","","","","","","","","","","","","","2024-08-28T03:16:57.283Z","","","","","","","","","","","","","","","","","","2025-02-18T06:29:00.407Z","2025-03-28T02:58:18.266Z","2024-08-28T03:14:03.166Z","","","","","","","","","","","","","","","","","","1","","","","","","","","","","","","","","","","","","1","1","1","","","","","","","","","","","","","","","","","Test Cases","","","","0","Reviewed","In Progress","High","","Wishlist-Regression","","","","","","","","","","2024-08-28T13:14:03.166+1000","2025-03-28T13:59:11.906+1100","","Lower Funnel Web",""
"LFW-3513","https://mecca-brands.atlassian.net//browse/LFW-3513","LFW - Wishlist_AddRemoveUpdateProducts_AuthenticatedWishlist","Test","","174.1","","","","","","","","","","","","","","","","","","37.9","0.7","","","","","","","","","","","","","","","","","","","2024-08-28T03:16:56.547Z","","","","","","","","","","","","","","","","","","2025-02-18T06:29:15.281Z","2025-03-28T02:59:06.884Z","2024-08-28T03:13:56.346Z","","","","","","","","","","","","","","","","","","1","","","","","","","","","","","","","","","","","","1","1","1","","","","","","","","","","","","","","","","","Test Cases","","","","0","Reviewed","In Progress","High","","Wishlist-Regression","","","","","","","","","","2024-08-28T13:13:56.346+1000","2025-03-28T13:59:13.558+1100","","Lower Funnel Web",""
"LFW-3508","https://mecca-brands.atlassian.net//browse/LFW-3508","LFW - Wishlist_Private Wishlist","Test","","174.1","","","","","","","","","","","","","","","","","","37.8","","","0.7","","","","","","","","","","","","","","","","","2024-08-28T03:16:52.319Z","","","","","","","","","","","","","","","","","","2025-02-18T06:29:15.006Z","2025-03-28T02:51:41.567Z","2024-08-28T03:14:33.204Z","2025-03-28T02:51:44.393Z","","","","","","","","","","","","","","","","","1","","","","","","","","","","","","","","","","","","1","1","1","1","","","","","","","","","","","","","","","","Test Cases","","","","0","In Use","Done","Low","","Wishlist-Regression","","","","","","","","","","2024-08-28T13:14:33.204+1000","2025-03-28T13:51:47.223+1100","","Lower Funnel Web",""
"LFW-3490","https://mecca-brands.atlassian.net//browse/LFW-3490","LFW_Checkout_Payment_Redeemed Gift Card_BL","Test","","174.1","","","","","","","","","","","","","","","","","","37.9","","","0.7","","","","","","","","","","","","","","","","","2024-08-28T02:57:10.891Z","","","","","","","","","","","","","","","","","","2025-02-18T06:28:58.357Z","2025-03-28T03:11:19.078Z","2024-08-28T02:46:48.070Z","2025-03-28T03:11:21.511Z","","","","","","","","","","","","","","","","","1","","","","","","","","","","","","","","","","","","1","1","1","1","","","","","","","","","","","","","","","","Test Cases","","","","0","In Use","Done","Low","","Checkout-Regression","","","","","","","","","","2024-08-28T12:46:48.070+1000","2025-03-28T14:11:25.988+1100","","Lower Funnel Web",""
"LFW-3485","https://mecca-brands.atlassian.net//browse/LFW-3485","LFW_Checkout_Checkout Page_Guest_CNC_Payment = Mastercard","Test","","174.1","","","","","","","","","","","","","","","","","","37.9","0.7","","","","","","","","","","","","","","","","","","","2024-08-28T02:57:08.106Z","","","","","","","","","","","","","","","","","","2025-02-18T06:27:16.095Z","2025-03-28T02:59:54.855Z","2024-08-28T02:49:40.836Z","","","","","","","","","","","","","","","","","","1","","","","","","","","","","","","","","","","","","1","1","1","","","","","","","","","","","","","","","","","Test Cases","","","","0","Reviewed","In Progress","High","","Checkout-Regression","","","","","","","","","","2024-08-28T12:49:40.836+1000","2025-03-28T13:59:59.867+1100","","Lower Funnel Web",""
"LFW-3484","https://mecca-brands.atlassian.net//browse/LFW-3484","LFW_Checkout_Validate Checkout Page_Registered user","Test","","174.1","","","","","","","","","","","","","","","","","","37.9","","","0.7","","","","","","","","","","","","","","","","","2024-08-28T02:57:07.441Z","","","","","","","","","","","","","","","","","","2025-02-18T06:28:59.406Z","2025-03-28T03:01:23.931Z","2024-08-28T02:49:29.176Z","2025-03-28T03:03:48.754Z","","","","","","","","","","","","","","","","","1","","","","","","","","","","","","","","","","","","1","1","1","1","","","","","","","","","","","","","","","","Test Cases","","","","0","In Use","Done","Low","","Checkout-Regression","","","","","","","","","","2024-08-28T12:49:29.176+1000","2025-03-28T14:03:48.754+1100","","Lower Funnel Web",""
"LFW-3482","https://mecca-brands.atlassian.net//browse/LFW-3482","LFW_Checkout_Registered User_Delivery_with Offer Codes","Test","","174.1","","","","","","","","","","","","","","","","","","37.9","","","0.7","","","","","","","","","","","","","","","","","2024-08-28T02:57:06.437Z","","","","","","","","","","","","","","","","","","2025-02-18T06:28:28.084Z","2025-03-28T03:10:38.102Z","2024-08-28T02:47:18.690Z","2025-03-28T03:10:41.789Z","","","","","","","","","","","","","","","","","1","","","","","","","","","","","","","","","","","","1","1","1","1","","","","","","","","","","","","","","","","Test Cases","","","","0","In Use","Done","Low","","Checkout-Regression","","","","","","","","","","2024-08-28T12:47:18.690+1000","2025-03-28T14:10:46.017+1100","","Lower Funnel Web",""
"LFW-3478","https://mecca-brands.atlassian.net//browse/LFW-3478","LFW_Guest Multiple Gift Card payment","Test","","174.1","","","","","","","","","","","","","","","","","","37.9","0.7","","","","","","","","","","","","","","","","","","","2024-08-28T02:57:04.154Z","","","","","","","","","","","","","","","","","","2025-02-18T06:28:58.836Z","2025-03-28T03:05:54.079Z","2024-08-28T02:48:09.950Z","","","","","","","","","","","","","","","","","","1","","","","","","","","","","","","","","","","","","1","1","1","","","","","","","","","","","","","","","","","Test Cases","","","","0","Reviewed","In Progress","Medium","","Checkout-Regression","","","","","","","","","","2024-08-28T12:48:09.950+1000","2025-03-28T14:06:00.931+1100","","Lower Funnel Web",""
"LFW-3477","https://mecca-brands.atlassian.net//browse/LFW-3477","LFW_Checkout_Payment_Mixed Payment_GC + CC_Registered User","Test","","174.1","","","","","","","","","","","","","","","","","","37.9","0.7","","","","","","","","","","","","","","","","","","","2024-08-28T02:57:03.512Z","","","","","","","","","","","","","","","","","","2025-02-18T06:28:58.746Z","2025-03-28T03:08:37.819Z","2024-08-28T02:47:57.523Z","","","","","","","","","","","","","","","","","","1","","","","","","","","","","","","","","","","","","1","1","1","","","","","","","","","","","","","","","","","Test Cases","","","","0","Reviewed","In Progress","Medium","","Checkout-Regression","","","","","","","","","","2024-08-28T12:47:57.523+1000","2025-03-28T14:09:43.963+1100","","Lower Funnel Web",""
"LFW-3476","https://mecca-brands.atlassian.net//browse/LFW-3476","LFW_TC17_Checkout_Payment_Mixed Payment_GC + Afterpay_Registered User","Test","","174.1","","","","","","","","","","","","","","","","","","37.9","0.7","","","","","","","","","","","","","","","","","","","2024-08-28T02:57:02.985Z","","","","","","","","","","","","","","","","","","2025-02-18T06:28:58.651Z","2025-03-28T03:10:07.128Z","2024-08-28T02:47:43.351Z","","","","","","","","","","","","","","","","","","1","","","","","","","","","","","","","","","","","","1","1","1","","","","","","","","","","","","","","","","","Test Cases","","","","0","Reviewed","In Progress","High","","Checkout-Regression","","","","","","","","","","2024-08-28T12:47:43.351+1000","2025-03-28T14:10:07.128+1100","","Lower Funnel Web",""
"LFW-3475","https://mecca-brands.atlassian.net//browse/LFW-3475","LFW_TC18 Checkout_Payment_Failed Payment","Test","","174.1","","","","","","","","","","","","","","","","","","37.9","0.7","","","","","","","","","","","","","","","","","","","2024-08-28T02:57:02.389Z","","","","","","","","","","","","","","","","","","2025-02-18T06:28:58.466Z","2025-03-28T03:10:05.707Z","2024-08-28T02:47:31.878Z","","","","","","","","","","","","","","","","","","1","","","","","","","","","","","","","","","","","","1","1","1","","","","","","","","","","","","","","","","","Test Cases","","","","0","Reviewed","In Progress","High","","Checkout-Regression","","","","","","","","","","2024-08-28T12:47:31.878+1000","2025-03-28T14:10:05.707+1100","","Lower Funnel Web",""
"LFW-3474","https://mecca-brands.atlassian.net//browse/LFW-3474","LFW_Checkout_Payment_AfterPay_Registered","Test","","174.1","","","","","","","","","","","","","","","","","","37.9","0.7","","","","","","","","","","","","","","","","","","","2024-08-28T02:57:01.594Z","","","","","","","","","","","","","","","","","","2025-02-18T06:27:17.918Z","2025-03-28T03:10:14.345Z","2024-08-28T02:48:58.248Z","","","","","","","","","","","","","","","","","","1","","","","","","","","","","","","","","","","","","1","1","1","","","","","","","","","","","","","","","","","Test Cases","","","","0","Reviewed","In Progress","High","","Checkout-Regression","","","","","","","","","","2024-08-28T12:48:58.248+1000","2025-03-28T14:10:14.345+1100","","Lower Funnel Web",""
"LFW-3463","https://mecca-brands.atlassian.net//browse/LFW-3463","LFW_Account_Order Details Page_Non Shippable Item","Test","","174.2","","","","","","","","","","","","","","","","","","37.9","0.7","","","","","","","","","","","","","","","","","","","2024-08-28T02:40:02.676Z","","","","","","","","","","","","","","","","","","2025-02-18T06:28:53.402Z","2025-03-28T03:12:41.587Z","2024-08-28T02:10:57.106Z","","","","","","","","","","","","","","","","","","1","","","","","","","","","","","","","","","","","","1","1","1","","","","","","","","","","","","","","","","","Test Cases","","","","0","Reviewed","In Progress","Low","","Account-Regression","","","","","","","","","","2024-08-28T12:10:57.106+1000","2025-03-28T14:12:41.587+1100","","Lower Funnel Web",""
"LFW-2957","https://mecca-brands.atlassian.net//browse/LFW-2957","PDP - Product options - Quotation marks appearing around single line description","Defect","","618.7","","","","","","","","21.8","","","10.9","","","","","","","","","","","","","","","","","","","","","","","","","","","2023-06-16T08:33:59.783Z","","","","","","","","2025-02-24T03:01:37.305Z","","","2025-03-17T22:40:26.463Z","","","","","","","","","","","2025-02-24T02:26:55.152Z","2025-02-24T02:59:44.836Z","","","","","","","","","","","","","","","1","","","","","","","","1","","","1","","","","","","","","","","","1","1","","","","","","","","","","","","","","LFW 7.2.25","","","","1","Awaiting Prod Deployment","In Progress","Low","[""CustomerE2EUAT""-""DD""-""Day3""-""LowerFunnel""]","FED","27.03.25","2025-03-27","LFW-3104","Non-Shoppable PDPs","Epic","Jun Lim","","","","2023-06-16T18:33:59.783+1000","2025-03-28T13:55:05.532+1100","27.03.25","Lower Funnel Web",""
"DMA-1544","https://mecca-brands.atlassian.net//browse/DMA-1544","Video Scrubber is not as responsive to move the video forward/backward","Sub-task","","","","","","","","","","","","","","","","","","","","","","1.8","","","","","","","","","","","","","","","","","","","2025-03-28T00:37:29.035Z","","","","","","","","","","","","","","","","","","","2025-03-28T00:37:38.706Z","","","","","","","","","","","","","","","","","","","1","","","","","","","","","","","","","","","","","","","2","","","","","","","","","","","","","","","","","Dandelion - Sprint 6.1.25","Goal: Video Cycler Released to Customers

Support: Karmjeet","2025-03-19T01:04:48.212Z","2025-04-02T10:00:00.000Z","0","Backlog","To Do","High","","Frontend","","","DMA-1450","Video Cycler Android UI/UX Fixes","Bug","Karmjeet Kaur","","","","2025-03-27T10:41:15.176+1100","2025-03-28T11:37:38.706+1100","","Digital MECCA App","UFApp"
"DMA-1542","https://mecca-brands.atlassian.net//browse/DMA-1542","Horizontal scrolling not working on product cycler","Sub-task","","","0.8","","","","","","","","","","","","","","","","","","","1","","","","","","","","","","","","","","","","","","","2025-03-28T00:37:43.092Z","","","","","","","","","","","","","","","","","","","2025-03-26T23:38:20.092Z","","","","","","","","","","","","","","","","","","","1","","","","","","","","","","","","","","","","","","","1","","","","","","","","","","","","","","","","","Dandelion - Sprint 6.1.25","Goal: Video Cycler Released to Customers

Support: Karmjeet","2025-03-19T01:04:48.212Z","2025-04-02T10:00:00.000Z","0","In Progress","In Progress","High","","Frontend","","","DMA-1450","Video Cycler Android UI/UX Fixes","Bug","Karmjeet Kaur","","","","2025-03-27T10:38:20.092+1100","2025-03-28T11:37:46.851+1100","","Digital MECCA App","UFApp"
"DMA-1514","https://mecca-brands.atlassian.net//browse/DMA-1514","Remove zustand forms library","Story","","","","","","","","","","","","","","","","","","","","","","3.8","","","","","","","","","","","","","","","","","","","","","","","","","","","","","","","","","","","","","","2025-03-24T23:51:33.288Z","","","","","","","","","","","","","","","","","","","","","","","","","","","","","","","","","","","","","","1","","","","","","","","","","","","","","","","","","","","","0","Backlog","To Do","High","[""APP""-""AppLibraryUpgrade""-""T3""-""TD.Q2.2025""]","Frontend","","","MEP-1","APP-TECH-Q2-2025","Epic","Rey Rahadian","","","","2025-03-25T10:51:33.288+1100","2025-03-28T10:58:21.824+1100","","Digital MECCA App","Website Experience"
"DMA-1512","https://mecca-brands.atlassian.net//browse/DMA-1512","Display Loading State when on Video is on Expanded Mode","Story","","","1","","","","","","","","","","","","","","","","","","","1.8","","","","0.2","0.9","","0.6","","","","","","","","","","","","2025-03-26T01:13:52.182Z","","","","","","","","","","","","","","","","","","","2025-03-24T05:21:03.221Z","","","","2025-03-27T00:18:17.294Z","2025-03-27T06:05:41.958Z","2025-03-28T04:24:48.924Z","2025-03-28T04:37:20.062Z","","","","","","","","","","","","1","","","","","","","","","","","","","","","","","","","1","","","","1","1","1","1","","","","","","","","","","Dandelion - Sprint 6.1.25","Goal: Video Cycler Released to Customers

Support: Karmjeet","2025-03-19T01:04:48.212Z","2025-04-02T10:00:00.000Z","3","Ready for Release","In Progress","Medium","Refined","Frontend","FE - 2.29.0","","DMA-1248","Video Cycler","Epic","Karmjeet Kaur","","","","2025-03-24T16:21:03.221+1100","2025-03-28T16:05:20.855+1100","FE - 2.29.0","Digital MECCA App","UFApp"
"DMA-1502","https://mecca-brands.atlassian.net//browse/DMA-1502","Create Category Cycler Template in Sitecore","Story","","","","","","","","","","","","","","","","","","","","","","7.8","","","","","","","","","","","","","","","","","","","","","","","","","","","","","","","","","","","","","","2025-03-21T00:20:57.976Z","","","","","","","","","","","","","","","","","","","","","","","","","","","","","","","","","","","","","","1","","","","","","","","","","","","","","","","","Dandelion - Ready to Refine","","","","0","Backlog","To Do","Medium","Ready-to-Refine","Backend","","","DMA-1501","Category Cycler","Epic","","","","","2025-03-21T11:20:57.976+1100","2025-03-28T12:03:22.541+1100","","Digital MECCA App","UFApp"
"DMA-1499","https://mecca-brands.atlassian.net//browse/DMA-1499","Build UI - Wishlist Screen","Task","","","2.2","","","","","","","","","","","","","","","","","","","5.7","","","","0.6","","","","","","","","","","","","","","","2025-03-26T00:49:21.753Z","","","","","","","","","","","","","","","","","","","2025-03-20T06:58:40.833Z","","","","2025-03-28T04:33:58.767Z","","","","","","","","","","","","","","","2","","","","","","","","","","","","","","","","","","","2","","","","1","","","","","","","","","","","","","LFA - Sprint 31","- MW UI dev done
- RN + Zustand upgrade released
- BE SFCC tickets done + MW BFF started
- BE LMS integration complete for CoS
- Support: Alex","2025-03-18T23:56:34.386Z","2025-04-01T13:00:00.000Z","3","In PR","In Progress","P3","Refined","Frontend","","","DMA-1161","Multiple Wishlists","Epic","YuanHung Lin","","","","2025-03-20T16:48:21.078+1100","2025-03-28T15:33:58.767+1100","","Digital MECCA App","LFApp"
"DMA-1490","https://mecca-brands.atlassian.net//browse/DMA-1490","Black Screen When Directly Selecting Video at Index > 0","Bug","","","","","","","","","","","","","","0.9","","","","","","","","7.1","","","","0.9","0.8","","0.1","1.9","","","","","","","","","","","2025-03-24T05:08:16.198Z","","","","","","","","","","","2025-03-27T22:59:47.051Z","","","","","","","","2025-03-17T02:51:16.775Z","","","","2025-03-24T05:57:28.539Z","2025-03-25T03:43:32.103Z","","2025-03-25T23:08:03.740Z","2025-03-26T01:13:37.771Z","","","","","","","","","","","1","","","","","","","","","","","1","","","","","","","","1","","","","1","1","","1","1","","","","","","","","","[""Dandelion - Sprint 5.1.25""-""Dandelion - Sprint 6.1.25""]","[""Sprint Goal: Video Cycler In Prod for Internal UsersnnSupport: Alan""-""Goal: Video Cycler Released to CustomersnnSupport: Karmjeet""]","[""2025-03-05T01:30:48.676Z""-""2025-03-19T01:04:48.212Z""]","[""2025-03-19T10:00:00.000Z""-""2025-04-02T10:00:00.000Z""]","2","Done","Done","High","Refined","Frontend","FE - 2.28.0","2025-03-27","DMA-1248","Video Cycler","Epic","Karmjeet Kaur","","","","2025-03-17T13:51:16.775+1100","2025-03-28T09:59:47.051+1100","FE - 2.28.0","Digital MECCA App","UFApp"
"DMA-1483","https://mecca-brands.atlassian.net//browse/DMA-1483","Video Cycler UI/UX Fixes","Bug","","","1.1","","","","","","","","","","","","","","","","","","","10.2","","","","0.2","2.7","0.9","","","1.9","","","","","","","","","","2025-03-23T23:49:02.425Z","","","","","","","","","","","","","","","","","","","2025-03-19T00:52:44.021Z","","","","2025-03-25T01:23:24.856Z","2025-03-25T05:40:42.358Z","2025-03-27T23:03:26.427Z","","","2025-03-17T03:39:57.802Z","","","","","","","","","","1","","","","","","","","","","","","","","","","","","","2","","","","1","1","1","","","1","","","","","","","","Dandelion - Sprint 6.1.25","Goal: Video Cycler Released to Customers

Support: Karmjeet","2025-03-19T01:04:48.212Z","2025-04-02T10:00:00.000Z","2","In Staging","In Progress","High","Refined","Frontend","FE - 2.29.0","","DMA-1248","Video Cycler","Epic","Hubert Yap","","","","2025-03-12T09:49:54.059+1100","2025-03-28T10:03:31.519+1100","FE - 2.29.0","Digital MECCA App","UFApp"
"DMA-1471","https://mecca-brands.atlassian.net//browse/DMA-1471","Hide Badges in the Product Cycler Sheet","Story","","","0.1","","","","","","","","","","","0.9","","","","","","","","13.8","","","","0.1","0.1","1","4","2.7","","","","","","","","","","","2025-03-19T22:01:13.726Z","","","","","","","","","","","2025-03-27T22:59:48.278Z","","","","","","","","2025-03-06T03:35:14.239Z","","","","2025-03-20T00:13:10.055Z","2025-03-20T02:42:43.836Z","2025-03-20T04:40:27.561Z","2025-03-21T05:25:22.676Z","2025-03-25T05:31:58.159Z","","","","","","","","","","","1","","","","","","","","","","","1","","","","","","","","1","","","","1","1","1","1","1","","","","","","","","","Dandelion - Sprint 6.1.25","Goal: Video Cycler Released to Customers

Support: Karmjeet","2025-03-19T01:04:48.212Z","2025-04-02T10:00:00.000Z","2","Done","Done","High","Refined","Frontend","FE - 2.28.0","2025-03-27","DMA-1248","Video Cycler","Epic","Hubert Yap","","","","2025-03-06T14:35:14.239+1100","2025-03-28T09:59:48.278+1100","FE - 2.28.0","Digital MECCA App","UFApp"
"DMA-1450","https://mecca-brands.atlassian.net//browse/DMA-1450","Video Cycler Android UI/UX Fixes","Bug","","","","","","","","","","","","","","","","","","","","","","23.9","","","","","","","","","","","","","","","","","","","2025-03-27T22:05:16.219Z","","","","","","","","","","","","","","","","","","","2025-03-27T22:05:40.267Z","","","","","","","","","","","","","","","","","","","1","","","","","","","","","","","","","","","","","","","2","","","","","","","","","","","","","","","","","Dandelion - Sprint 6.1.25","Goal: Video Cycler Released to Customers

Support: Karmjeet","2025-03-19T01:04:48.212Z","2025-04-02T10:00:00.000Z","2","Backlog","To Do","Medium","Refined","Frontend","","","DMA-1248","Video Cycler","Epic","","","","","2025-03-05T09:39:49.488+1100","2025-03-28T09:59:10.258+1100","","Digital MECCA App","UFApp"
"DMA-1447","https://mecca-brands.atlassian.net//browse/DMA-1447","Investigate lag in PLP load following fix of PLP Image Gallery","Spike","","","7.8","","","","","","","","","","","","","","","","","","","16.900000000000002","","","","","","","","","","","","","","","","","","","2025-03-04T05:27:00.960Z","","","","","","","","","","","","","","","","","","","2025-03-11T23:37:25.981Z","","","","","","","","","","","","","","","","","","","1","","","","","","","","","","","","","","","","","","","2","","","","","","","","","","","","","","","","","","","","","0","Backlog","To Do","High","[""APP""-""AppOptimisation""-""T1""-""TD.Q2.2025""]","[""Frontend""-""Shaping""]","","","MEP-1","APP-TECH-Q2-2025","Epic","Cheu Lim","","","","2025-03-04T13:50:36.910+1100","2025-03-28T11:02:44.802+1100","","Digital MECCA App","UFApp"
"DMA-1439","https://mecca-brands.atlassian.net//browse/DMA-1439","Build UI - Swipable Components + package integration","Task","","","6","","","","","","","","","","","0.9","","","","","","","","6","","","","1.8","0.4","11.7","2","","","1","","","","","","","","","2025-03-05T05:19:03.581Z","","","","","","","","","","","2025-03-27T22:59:48.757Z","","","","","","","","2025-02-27T04:57:30.622Z","","","","2025-03-11T04:19:55.632Z","2025-03-12T22:21:36.100Z","2025-03-14T06:04:00.138Z","2025-03-25T23:04:21.959Z","","","2025-03-13T06:49:25.113Z","","","","","","","","","1","","","","","","","","","","","1","","","","","","","","1","","","","1","1","1","1","","","1","","","","","","","LFA - Sprint 30","RN upgrade Dev Done
Memory leak - Understood 
MW - UI tickets started
MW - 3 tickets progressed into UAT 
Support - Di (until 14th)","2025-03-05T03:20:56.096Z","2025-03-18T13:00:00.000Z","5","Done","Done","P3","Refined","Frontend","FE - 2.28.0","2025-03-27","DMA-1161","Multiple Wishlists","Epic","Shirleen Hong","","","","2025-02-27T15:57:30.622+1100","2025-03-28T09:59:48.757+1100","FE - 2.28.0","Digital MECCA App","LFApp"
"DMA-1438","https://mecca-brands.atlassian.net//browse/DMA-1438","Build UI - Empty default wishlist and created list","Task","","","5","","","","","","","","","","","0.9","","","","","","","","13","","","","2.9","5.1","0.7","2","","","0.1","","","","","","","","","2025-03-12T04:45:37.197Z","","","","","","","","","","","2025-03-27T22:59:50.429Z","","","","","","","","2025-02-27T04:50:38.504Z","","","","2025-03-17T03:53:56.230Z","2025-03-20T01:43:21.127Z","2025-03-25T06:24:53.602Z","2025-03-25T23:04:00.748Z","","","2025-03-25T04:14:13.345Z","","","","","","","","","1","","","","","","","","","","","1","","","","","","","","1","","","","1","1","1","1","","","1","","","","","","","[""LFA - Sprint 31""-""LFA - Sprint 30""]","[""- MW UI dev donen- RN + Zustand upgrade releasedn- BE SFCC tickets done + MW BFF startedn- BE LMS integration complete for CoSn- Support: Alex""-""RN upgrade Dev DonenMemory leak - Understood nMW - UI tickets startednMW - 3 tickets progressed into UAT nSupport - Di (until 14th)""]","[""2025-03-18T23:56:34.386Z""-""2025-03-05T03:20:56.096Z""]","[""2025-04-01T13:00:00.000Z""-""2025-03-18T13:00:00.000Z""]","2","Done","Done","P3","Refined","Frontend","FE - 2.28.0","2025-03-27","DMA-1161","Multiple Wishlists","Epic","Shirleen Hong","","","","2025-02-27T15:50:38.504+1100","2025-03-28T09:59:50.429+1100","FE - 2.28.0","Digital MECCA App","LFApp"
"DMA-1437","https://mecca-brands.atlassian.net//browse/DMA-1437","Build UI - Pull down to refresh + Loading states","Task","","","1.3","","","","","","","","","","","","","","","","","","","19.8","","","","4.8","1.1","","","","","2.6","","","","","","","","","2025-03-18T23:58:41.129Z","","","","","","","","","","","","","","","","","","","2025-02-27T04:41:45.447Z","","","","2025-03-25T04:13:51.791Z","2025-03-25T04:13:57.148Z","","","","","2025-03-26T05:06:17.176Z","","","","","","","","","1","","","","","","","","","","","","","","","","","","","1","","","","2","2","","","","","1","","","","","","","LFA - Sprint 31","- MW UI dev done
- RN + Zustand upgrade released
- BE SFCC tickets done + MW BFF started
- BE LMS integration complete for CoS
- Support: Alex","2025-03-18T23:56:34.386Z","2025-04-01T13:00:00.000Z","3","Ready for Staging","In Progress","P3","Refined","Frontend","FE - 2.29.0","","DMA-1161","Multiple Wishlists","Epic","Alex Stoikos","","","","2025-02-27T15:41:45.447+1100","2025-03-28T09:53:20.843+1100","FE - 2.29.0","Digital MECCA App","LFApp"
"DMA-1436","https://mecca-brands.atlassian.net//browse/DMA-1436","Build UI - Wishlist list Screen","Task","","","","","","","","","","","","","","0.9","","","","","","","","18","","","","2.8","5.1","0.7","2","","","0.1","","","","","","","","","","","","","","","","","","","","2025-03-27T22:59:50.937Z","","","","","","","","2025-02-27T04:34:05.735Z","","","","2025-03-17T05:38:23.841Z","2025-03-21T06:45:10.552Z","2025-03-25T06:25:02.465Z","2025-03-25T23:01:00.047Z","","","2025-03-25T04:13:47.636Z","","","","","","","","","","","","","","","","","","","","1","","","","","","","","1","","","","1","2","1","1","","","2","","","","","","","[""LFA - Sprint 31""-""LFA - Sprint 30""]","[""- MW UI dev donen- RN + Zustand upgrade releasedn- BE SFCC tickets done + MW BFF startedn- BE LMS integration complete for CoSn- Support: Alex""-""RN upgrade Dev DonenMemory leak - Understood nMW - UI tickets startednMW - 3 tickets progressed into UAT nSupport - Di (until 14th)""]","[""2025-03-18T23:56:34.386Z""-""2025-03-05T03:20:56.096Z""]","[""2025-04-01T13:00:00.000Z""-""2025-03-18T13:00:00.000Z""]","3","Done","Done","P3","Refined","Frontend","FE - 2.28.0","2025-03-27","DMA-1161","Multiple Wishlists","Epic","Shirleen Hong","","","","2025-02-27T15:34:05.735+1100","2025-03-28T09:59:50.937+1100","FE - 2.28.0","Digital MECCA App","LFApp"
"DMA-1435","https://mecca-brands.atlassian.net//browse/DMA-1435","Build Create List Button for MW","Task","","","7.1","","","","","","","","","","","","","","","","","","","15","","","","5","1.7","","","","","0.9","","","","","","","","","2025-03-24T22:55:25.928Z","","","","","","","","","","","","","","","","","","","2025-02-27T03:15:33.483Z","","","","2025-03-25T21:54:51.166Z","2025-03-26T06:10:02.704Z","","","","","2025-03-27T21:58:35.441Z","","","","","","","","","2","","","","","","","","","","","","","","","","","","","1","","","","2","1","","","","","1","","","","","","","[""LFA - Sprint 31""-""LFA - Sprint 30""]","[""- MW UI dev donen- RN + Zustand upgrade releasedn- BE SFCC tickets done + MW BFF startedn- BE LMS integration complete for CoSn- Support: Alex""-""RN upgrade Dev DonenMemory leak - Understood nMW - UI tickets startednMW - 3 tickets progressed into UAT nSupport - Di (until 14th)""]","[""2025-03-18T23:56:34.386Z""-""2025-03-05T03:20:56.096Z""]","[""2025-04-01T13:00:00.000Z""-""2025-03-18T13:00:00.000Z""]","3","Ready for Staging","In Progress","P3","Refined","Frontend","FE - 2.29.0","","DMA-1161","Multiple Wishlists","Epic","Alex Stoikos","","","","2025-02-27T14:15:33.483+1100","2025-03-28T09:53:11.066+1100","FE - 2.29.0","Digital MECCA App","LFApp"
"DMA-1428","https://mecca-brands.atlassian.net//browse/DMA-1428","Only load tabs when we switch tabs","Story","","","","","","","","","","","","","","","","","","","","","","31.7","","","","","","","","","","","","","","","","","","","","","","","","","","","","","","","","","","","","","","2025-02-25T03:07:14.904Z","","","","","","","","","","","","","","","","","","","","","","","","","","","","","","","","","","","","","","1","","","","","","","","","","","","","","","","","","","","","0","Backlog","To Do","High","[""APP""-""AppOptimisation""-""T4""-""TD.Q2.2025""]","Frontend","","","MEP-1","APP-TECH-Q2-2025","Epic","","","","","2025-02-25T14:07:14.904+1100","2025-03-28T11:05:31.943+1100","","Digital MECCA App","LFApp"
"DMA-1420","https://mecca-brands.atlassian.net//browse/DMA-1420","Upgrade iOS SDK to 18","Task","","","","","","","","","","","","","","","","","","","","","","31.7","","","","","","","","","","","","","","","","","","","","","","","","","","","","","","","","","","","","","","2025-02-25T02:42:57.173Z","","","","","","","","","","","","","","","","","","","","","","","","","","","","","","","","","","","","","","1","","","","","","","","","","","","","","","","","","","","","","Backlog","To Do","High","[""APP""-""AppLibraryUpgrade""-""Ready-to-Refine""-""T3""-""TD.Q2.2025""]","Frontend","","","MEP-1","APP-TECH-Q2-2025","Epic","Rey Rahadian","","","","2025-02-25T13:42:57.173+1100","2025-03-28T10:58:07.333+1100","","Digital MECCA App","LFApp"
"DMA-1411","https://mecca-brands.atlassian.net//browse/DMA-1411","Update react-native-keychain package to latest","Story","","","","","","","","","","","","","","","","","","","","","","35.6","","","","","","","","","","","","","","","","","","","","","","","","","","","","","","","","","","","","","","2025-02-21T05:53:44.944Z","","","","","","","","","","","","","","","","","","","","","","","","","","","","","","","","","","","","","","1","","","","","","","","","","","","","","","","","","","","","0","Backlog","To Do","High","[""APP""-""AppLibraryUpgrade""-""Ready-to-Refine""-""T3""-""TD.Q2.2025""]","Frontend","","","MEP-1","APP-TECH-Q2-2025","Epic","Rey Rahadian","","","","2025-02-21T16:53:44.944+1100","2025-03-28T10:59:46.310+1100","","Digital MECCA App","LFApp"
"DMA-1380","https://mecca-brands.atlassian.net//browse/DMA-1380","Create POST Wishlist-Create endpoint","Task","","","7.9","","","","","","","","","","","","","","","","","","","29.2","","","","0.7","","","","","","","","","","","","","","","2025-03-20T04:27:21.363Z","","","","","","","","","","","","","","","","","","","2025-02-19T00:43:16.931Z","","","","2025-03-28T03:09:01.765Z","","","","","","","","","","","","","","","1","","","","","","","","","","","","","","","","","","","1","","","","1","","","","","","","","","","","","","LFA - Sprint 31","- MW UI dev done
- RN + Zustand upgrade released
- BE SFCC tickets done + MW BFF started
- BE LMS integration complete for CoS
- Support: Alex","2025-03-18T23:56:34.386Z","2025-04-01T13:00:00.000Z","5","In PR","In Progress","P3","Refined","Backend","","","DMA-1161","Multiple Wishlists","Epic","Damian Justice","","","","2025-02-19T11:43:16.931+1100","2025-03-28T14:09:01.765+1100","","Digital MECCA App","LFApp"
"DMA-1351","https://mecca-brands.atlassian.net//browse/DMA-1351","Investigate fork version of react-native-fast-image","Task","","","","","","","","","","","","","","","","","","","","","","50.9","","","","","","","","","","","","","","","","","","","","","","","","","","","","","","","","","","","","","","2025-02-05T23:11:06.727Z","","","","","","","","","","","","","","","","","","","","","","","","","","","","","","","","","","","","","","1","","","","","","","","","","","","","","","","","","","","","","Backlog","To Do","High","[""APP""-""AppLibraryUpgrade""-""Refined""-""T3""-""TD.Q2.2025""]","Frontend","","","MEP-1","APP-TECH-Q2-2025","Epic","Rey Rahadian","","","","2025-02-06T10:11:06.727+1100","2025-03-28T10:59:56.405+1100","","Digital MECCA App","LFApp"
"DMA-1318","https://mecca-brands.atlassian.net//browse/DMA-1318","Remove Search Trending Now Feature Flag from Codebase","Task","","","","","","","","","","","","","","","","","","","","","","56.6","","","","","","","","","","","","","","","","","","","","","","","","","","","","","","","","","","","","","","2025-01-31T04:35:07.391Z","","","","","","","","","","","","","","","","","","","","","","","","","","","","","","","","","","","","","","1","","","","","","","","","","","","","","","","","Dandelion - Sprint 7.2.25","","","","2","Backlog","To Do","High","[""APP""-""FeatureFlagCleanup""-""Refined""-""T2""-""TD.Q2.2025""]","Frontend","","","MEP-1","APP-TECH-Q2-2025","Epic","Amy Yang","","","","2025-01-31T15:35:07.391+1100","2025-03-28T11:09:42.671+1100","","Digital MECCA App","UFApp"
"DMA-1316","https://mecca-brands.atlassian.net//browse/DMA-1316","Remove QATW Feature Flag in LaunchDarkly","Task","","","","","","","","","","","","","","","","","","","","","","56.6","","","","","","","","","","","","","","","","","","","","","","","","","","","","","","","","","","","","","","2025-01-31T04:28:33.945Z","","","","","","","","","","","","","","","","","","","","","","","","","","","","","","","","","","","","","","1","","","","","","","","","","","","","","","","","Dandelion - Refined","","","","1","Backlog","To Do","High","[""APP""-""FeatureFlagCleanup""-""Refined""-""T2""-""TD.Q2.2025""]","Frontend","","","MEP-1","APP-TECH-Q2-2025","Epic","Amy Yang","","","","2025-01-31T15:28:33.945+1100","2025-03-28T11:09:54.655+1100","","Digital MECCA App","UFApp"
"DMA-1315","https://mecca-brands.atlassian.net//browse/DMA-1315","Remove QATW Feature Flag from Codebase","Task","","","","","","","","","","","","","","","","","","","","","","56.6","","","","","","","","","","","","","","","","","","","","","","","","","","","","","","","","","","","","","","2025-01-31T04:27:09.326Z","","","","","","","","","","","","","","","","","","","","","","","","","","","","","","","","","","","","","","1","","","","","","","","","","","","","","","","","Dandelion - Refined","","","","2","Backlog","To Do","High","[""APP""-""FeatureFlagCleanup""-""Refined""-""T2""-""TD.Q2.2025""]","Frontend","","","MEP-1","APP-TECH-Q2-2025","Epic","Amy Yang","","","","2025-01-31T15:27:09.326+1100","2025-03-28T11:10:07.068+1100","","Digital MECCA App","UFApp"
"DMA-1314","https://mecca-brands.atlassian.net//browse/DMA-1314","Remove QATB Feature Flag in LaunchDarkly","Task","","","","","","","","","","","","","","","","","","","","","","56.6","","","","","","","","","","","","","","","","","","","","","","","","","","","","","","","","","","","","","","2025-01-31T04:24:06.298Z","","","","","","","","","","","","","","","","","","","","","","","","","","","","","","","","","","","","","","1","","","","","","","","","","","","","","","","","Dandelion - Refined","","","","1","Backlog","To Do","High","[""APP""-""FeatureFlagCleanup""-""Refined""-""T2""-""TD.Q2.2025""]","Frontend","","","MEP-1","APP-TECH-Q2-2025","Epic","Amy Yang","","","","2025-01-31T15:24:06.298+1100","2025-03-28T11:10:17.259+1100","","Digital MECCA App","UFApp"
"DMA-1313","https://mecca-brands.atlassian.net//browse/DMA-1313","Remove QATB Feature Flag from Codebase","Task","","","","","","","","","","","","","","","","","","","","","","56.6","","","","","","","","","","","","","","","","","","","","","","","","","","","","","","","","","","","","","","2025-01-31T04:19:27.627Z","","","","","","","","","","","","","","","","","","","","","","","","","","","","","","","","","","","","","","1","","","","","","","","","","","","","","","","","Dandelion - Refined","","","","2","Backlog","To Do","High","[""APP""-""FeatureFlagCleanup""-""Refined""-""T2""-""TD.Q2.2025""]","Frontend","","","MEP-1","APP-TECH-Q2-2025","Epic","Amy Yang","","","","2025-01-31T15:19:27.627+1100","2025-03-28T11:10:28.297+1100","","Digital MECCA App","UFApp"
"DMA-1312","https://mecca-brands.atlassian.net//browse/DMA-1312","Remove Notify Me Feature Flag in LaunchDarkly","Task","","","","","","","","","","","","","","","","","","","","","","56.6","","","","","","","","","","","","","","","","","","","","","","","","","","","","","","","","","","","","","","2025-01-31T04:15:03.199Z","","","","","","","","","","","","","","","","","","","","","","","","","","","","","","","","","","","","","","1","","","","","","","","","","","","","","","","","Dandelion - Refined","","","","1","Backlog","To Do","High","[""APP""-""FeatureFlagCleanup""-""Refined""-""T2""-""TD.Q2.2025""]","Frontend","","","MEP-1","APP-TECH-Q2-2025","Epic","Amy Yang","","","","2025-01-31T15:15:03.199+1100","2025-03-28T11:10:37.798+1100","","Digital MECCA App","UFApp"
"DMA-1304","https://mecca-brands.atlassian.net//browse/DMA-1304","Implement Analytics on Product Cycler in the Sheet","Story","","","1","","","","","","","","","","","0.9","","","","","","","","41","","","","5.9","0.9","0.2","5.1","2.7","","","","","","","","","","","2025-03-12T03:36:33.906Z","","","","","","","","","","","2025-03-27T22:59:49.203Z","","","","","","","","2025-01-30T03:47:22.673Z","","","","2025-03-13T03:56:28.130Z","2025-03-19T01:10:45.824Z","2025-03-19T23:25:00.437Z","2025-03-20T03:43:21.021Z","2025-03-25T05:31:55.355Z","","","","","","","","","","","1","","","","","","","","","","","1","","","","","","","","1","","","","1","1","1","1","1","","","","","","","","","[""Dandelion - Sprint 5.1.25""-""Dandelion - Sprint 6.1.25""]","[""Sprint Goal: Video Cycler In Prod for Internal UsersnnSupport: Alan""-""Goal: Video Cycler Released to CustomersnnSupport: Karmjeet""]","[""2025-03-05T01:30:48.676Z""-""2025-03-19T01:04:48.212Z""]","[""2025-03-19T10:00:00.000Z""-""2025-04-02T10:00:00.000Z""]","2","Done","Done","Medium","Refined","Frontend","FE - 2.28.0","2025-03-27","DMA-1248","Video Cycler","Epic","Alan Zhang","","","","2025-01-30T14:47:22.673+1100","2025-03-28T09:59:49.203+1100","FE - 2.28.0","Digital MECCA App","UFApp"
"DMA-1302","https://mecca-brands.atlassian.net//browse/DMA-1302","Implement Analytics when Playing Video Cycler Videos","Story","","","10.9","","","","","","","","","","","","","","","","","","","42.1","","","","2.1","1.8","","0.8","","","","","","","","","","","","2025-03-26T03:31:49.340Z","","","","","","","","","","","","","","","","","","","2025-01-30T02:44:42.088Z","","","","2025-03-26T05:35:48.440Z","2025-03-27T00:56:59.446Z","2025-03-27T23:03:24.229Z","2025-03-27T23:28:26.755Z","","","","","","","","","","","","2","","","","","","","","","","","","","","","","","","","1","","","","2","2","1","1","","","","","","","","","","[""Dandelion - Sprint 5.1.25""-""Dandelion - Sprint 6.1.25""]","[""Sprint Goal: Video Cycler In Prod for Internal UsersnnSupport: Alan""-""Goal: Video Cycler Released to CustomersnnSupport: Karmjeet""]","[""2025-03-05T01:30:48.676Z""-""2025-03-19T01:04:48.212Z""]","[""2025-03-19T10:00:00.000Z""-""2025-04-02T10:00:00.000Z""]","2","Ready for Release","In Progress","Medium","Refined","Frontend","FE - 2.29.0","","DMA-1248","Video Cycler","Epic","Alan Zhang","","","","2025-01-30T13:44:42.088+1100","2025-03-28T10:28:26.755+1100","FE - 2.29.0","Digital MECCA App","UFApp"
"DMA-1115","https://mecca-brands.atlassian.net//browse/DMA-1115","Update zustand package to v5","Story","","","2.2","","","","","","","","","","","0.9","","","","","","","","93.7","","","","4.1","7.6000000000000005","11.7","1.9","0.1","","1.3","","","","","","","","","2025-03-11T03:05:23.622Z","","","","","","","","","","","2025-03-27T22:59:49.761Z","","","","","","","","2025-02-25T23:19:16.609Z","","","","2025-03-12T02:59:12.682Z","2025-03-12T05:35:53.520Z","2025-03-14T06:03:50.738Z","2025-03-26T01:21:03.698Z","2025-03-25T23:46:27.287Z","","2025-03-12T22:52:35.187Z","","","","","","","","","4","","","","","","","","","","","1","","","","","","","","2","","","","3","2","1","1","1","","1","","","","","","","[""LFA - Sprint 29""-""LFA - Sprint 30""]","[""SFRA endpoints completenSitecore Knowledge  increasednAutomation - used for releasesnAdd to calendar - dev completenServices category deeplinking - dev complete nSupport - Di""-""RN upgrade Dev DonenMemory leak - Understood nMW - UI tickets startednMW - 3 tickets progressed into UAT nSupport - Di (until 14th)""]","[""2025-02-18T23:51:55.350Z""-""2025-03-05T03:20:56.096Z""]","[""2025-03-04T23:51:07.000Z""-""2025-03-18T13:00:00.000Z""]","5","Done","Done","P3","[""App-Library-Upgrade""-""Refined""]","Frontend","FE - 2.28.0","2025-03-27","MAA-620","Mobile App (FE) Technical Debt","Epic","Shirleen Hong","","","","2024-11-25T16:11:50.291+1100","2025-03-28T09:59:49.761+1100","FE - 2.28.0","Digital MECCA App","LFApp"
"DMA-1098","https://mecca-brands.atlassian.net//browse/DMA-1098","RN update to 0.75","Task","","","9.9","","","","","","","","","","","0.9","","","","","","","","106.3","","","","4.8","2.3","","1.9","0.1","","4.7","","","","","","","","","2025-03-04T04:54:47.807Z","","","","","","","","","","","2025-03-27T22:59:47.757Z","","","","","","","","2025-03-14T02:57:26.103Z","","","","2025-03-14T05:38:38.667Z","2025-03-18T23:53:14.537Z","","2025-03-26T01:20:33.884Z","2025-03-25T23:05:51.751Z","","2025-03-21T06:36:43.160Z","","","","","","","","","3","","","","","","","","","","","1","","","","","","","","4","","","","1","1","","1","1","","1","","","","","","","[""LFA - Sprint 29""-""LFA - Sprint 31""-""LFA - Sprint 30""]","[""SFRA endpoints completenSitecore Knowledge  increasednAutomation - used for releasesnAdd to calendar - dev completenServices category deeplinking - dev complete nSupport - Di""-""- MW UI dev donen- RN + Zustand upgrade releasedn- BE SFCC tickets done + MW BFF startedn- BE LMS integration complete for CoSn- Support: Alex""-""RN upgrade Dev DonenMemory leak - Understood nMW - UI tickets startednMW - 3 tickets progressed into UAT nSupport - Di (until 14th)""]","[""2025-02-18T23:51:55.350Z""-""2025-03-18T23:56:34.386Z""-""2025-03-05T03:20:56.096Z""]","[""2025-03-04T23:51:07.000Z""-""2025-04-01T13:00:00.000Z""-""2025-03-18T13:00:00.000Z""]","8","Done","Done","P3","Refined","Frontend","FE - 2.28.0","2025-03-27","DMA-580","App Library Upgrades","Epic","Shirleen Hong","","","","2024-11-18T09:17:48.678+1100","2025-03-28T09:59:47.757+1100","FE - 2.28.0","Digital MECCA App","LFApp"
"DMA-749","https://mecca-brands.atlassian.net//browse/DMA-749","Migrate Wishlist test to new automation framework","Task","","","0.6","","","","","","","","","","","","","","","","","","","191.2","","","","","","","","","","","","","","","","","","","2025-03-28T05:55:35.549Z","","","","","","","","","","","","","","","","","","","2024-09-18T01:21:18.317Z","","","","","","","","","","","","","","","","","","","1","","","","","","","","","","","","","","","","","","","1","","","","","","","","","","","","","","","","","LFA - Sprint 31","- MW UI dev done
- RN + Zustand upgrade released
- BE SFCC tickets done + MW BFF started
- BE LMS integration complete for CoS
- Support: Alex","2025-03-18T23:56:34.386Z","2025-04-01T13:00:00.000Z","5","In Progress","In Progress","Low","[""App-Automation""-""Refined""]","QA","","","DMA-718","Replace test automation framework for FE","Epic","Andy Ng","","","","2024-09-18T11:21:18.317+1000","2025-03-28T16:55:39.183+1100","","Digital MECCA App","LFApp"
"DMA-447","https://mecca-brands.atlassian.net//browse/DMA-447","Update Axios package","Spike","","","","","","","","","","","","","","","","","","","","","","252.6","","","","","","","","","","","","","","","","","","","","","","","","","","","","","","","","","","","","","","2024-07-19T06:12:59.514Z","","","","","","","","","","","","","","","","","","","","","","","","","","","","","","","","","","","","","","1","","","","","","","","","","","","","","","","","Dandelion - Refined","","","","2","Backlog","To Do","High","[""APP""-""AppLibraryUpgrade""-""Refined""-""T3""-""TD.Q2.2025""]","Frontend","","","MEP-1","APP-TECH-Q2-2025","Epic","Rey Rahadian","","","","2024-07-19T16:12:59.514+1000","2025-03-28T11:00:06.457+1100","","Digital MECCA App","UFApp"
"DMA-435","https://mecca-brands.atlassian.net//browse/DMA-435","Update azure pipeline to remove previous tags when deploying builds to stg/prod","Task","","","","","","","","","","","","","","","","","","","","","","470.6","","","","","","","","","","","","","","","","","","","","","","","","","","","","","","","","","","","","","","2023-12-14T04:33:40.305Z","","","","","","","","","","","","","","","","","","","","","","","","","","","","","","","","","","","","","","1","","","","","","","","","","","","","","","","","LFA - Ready for Development","","","","2","Backlog","To Do","High","[""APP""-""DeveloperExperience""-""Refined""-""T1""-""TD.Q2.2025""]","Frontend","","","MEP-1","APP-TECH-Q2-2025","Epic","","","","","2023-12-14T15:33:40.305+1100","2025-03-28T11:07:14.114+1100","","Digital MECCA App","UFApp"
"DMA-418","https://mecca-brands.atlassian.net//browse/DMA-418","Centralise logout function","Task","","","277","","","","","","","","","","","","","","","","","","","558.8","","","","","","","","","","","","","","","","","","","2024-10-17T02:33:29.529Z","","","","","","","","","","","","","","","","","","","2024-10-18T00:35:55.309Z","","","","","","","","","","","","","","","","","","","2","","","","","","","","","","","","","","","","","","","3","","","","","","","","","","","","","","","","","LFA - Ready for Development","","","","5","Backlog","To Do","High","[""APP""-""AppOptimisation""-""Refined""-""T4""-""TD.Q2.2025""]","Frontend","","","MEP-1","APP-TECH-Q2-2025","Epic","","","","","2022-12-14T12:03:05.713+1100","2025-03-28T11:05:46.146+1100","","Digital MECCA App","LFApp"
"DMA-87","https://mecca-brands.atlassian.net//browse/DMA-87","Define FE Branching and Release Strategy","Spike","","","","","","","","","","","","","","","","","","","","","","388.7","","","","","","","","","","","","","","","","","","","","","","","","","","","","","","","","","","","","","","2024-03-05T03:02:03.180Z","","","","","","","","","","","","","","","","","","","","","","","","","","","","","","","","","","","","","","1","","","","","","","","","","","","","","","","","Dandelion - Refined","","","","2","Backlog","To Do","High","[""APP""-""DeveloperExperience""-""Refined""-""T1""-""TD.Q2.2025""]","Frontend","","","MEP-1","APP-TECH-Q2-2025","Epic","","","","","2024-03-05T14:02:03.180+1100","2025-03-28T11:07:24.436+1100","","Digital MECCA App","UFApp"
"DMA-53","https://mecca-brands.atlassian.net//browse/DMA-53","Form Field Refactor - Clean up deprecated form files","Task","","","","","","","","","","","","","","","","","","","","","","483.8","","","","","","","","","","","","","","","","","","","","","","","","","","","","","","","","","","","","","","2023-12-01T00:44:40.296Z","","","","","","","","","","","","","","","","","","","","","","","","","","","","","","","","","","","","","","1","","","","","","","","","","","","","","","","","Dandelion - Refined","","","","2","Backlog","To Do","High","[""APP""-""AppOptimisation""-""Refined""-""T4""-""TD.Q2.2025""]","Frontend","","","MEP-1","APP-TECH-Q2-2025","Epic","","","","","2023-12-01T11:44:40.296+1100","2025-03-28T11:05:59.036+1100","","Digital MECCA App","LFApp"
"DMA-40","https://mecca-brands.atlassian.net//browse/DMA-40","Remove Notify Me Feature Flag","Task","","","","","","","","","","","","","","","","","","","","","","367.8","","","","","","","","","","","","","","","","","","","","","","","","","","","","","","","","","","","","","","2024-03-26T00:44:15.325Z","","","","","","","","","","","","","","","","","","","","","","","","","","","","","","","","","","","","","","1","","","","","","","","","","","","","","","","","Dandelion - Refined","","","","2","Backlog","To Do","High","[""APP""-""FeatureFlagCleanup""-""Refined""-""T2""-""TD.Q2.2025""]","Frontend","","","MEP-1","APP-TECH-Q2-2025","Epic","Amy Yang","","","","2024-03-26T11:44:15.325+1100","2025-03-28T11:10:47.382+1100","","Digital MECCA App","UFApp"
"COM-6091","https://mecca-brands.atlassian.net//browse/COM-6091","Regression Testing  for Mule soft customer push integration integration in UAT","Task","","","","","","","","","","","","","","","","","","","","","","","","","","","","","","","","","","","","","0.8","","","2025-03-27T22:35:06.406Z","2025-03-27T22:38:23.848Z","","","","","","","","","","","","2025-03-27T22:38:34.609Z","","","","","","","","","","","","","","","","","","2025-03-27T22:38:26.007Z","2025-03-27T22:38:31.341Z","2025-03-27T23:34:47.154Z","2025-03-27T23:35:48.743Z","2025-03-27T23:35:51.504Z","","","1","1","","","","","","","","","","","","1","","","","","","","","","","","","","","","","","","1","1","1","1","1","","","","","","0","Closed","Done","P3","SFCC","SFCC Platform","","","","","","Ghazala Fathima","","","","2025-03-28T09:35:06.406+1100","2025-03-28T11:42:32.423+1100","","Commerce.Cloud",""
"COM-6090","https://mecca-brands.atlassian.net//browse/COM-6090","UAT-Click and collect order - Fulfilment error - 500 error displayed when trying to select store which has available products and bag is getting empty","Defect","","0.8","","","","","","","","","","","","","","","","","","","","","","","","","","","","","","","","","0.1","","0.7","","","2025-03-27T04:04:29.959Z","2025-03-27T23:49:26.910Z","","","","","","","","","","","","2025-03-27T23:52:38.698Z","","","","","","","","","","","","","","","","","","2025-03-27T23:52:33.531Z","2025-03-27T23:52:36.445Z","2025-03-28T00:52:04.815Z","2025-03-28T03:55:07.757Z","2025-03-28T03:55:20.539Z","","","1","1","","","","","","","","","","","","1","","","","","","","","","","","","","","","","","","1","1","1","1","1","","","","","","0","Closed","Done","P3","","","","","MI-360","BAU - Defects","Epic","Nikolay Latyshev","","","","2025-03-27T15:04:29.959+1100","2025-03-28T14:55:20.539+1100","","Commerce.Cloud",""
"COM-6087","https://mecca-brands.atlassian.net//browse/COM-6087","As a system- I want to expose selected service option in cart and order models","Task","","3.8","0.7","","","","","","","","","","","","","","","","","","","","","","","","","","","","","","","","","","","","","2025-03-24T06:49:27.905Z","2025-03-28T02:54:01.802Z","","","","","","","","","","","","","","","","","","","","","","","","","","","","","","","","","","","","","1","1","","","","","","","","","","","","","","","","","","","","","","","","","","","","","","","","","","","","","","","","2","In Progress","In Progress","High","[""LowerFunnel""-""Q2_25""]","SFCC Platform","","","","","","Tito Del Rosario Jr.","","","","2025-03-24T17:49:27.905+1100","2025-03-28T13:54:01.802+1100","","Commerce.Cloud",""
"COM-6085","https://mecca-brands.atlassian.net//browse/COM-6085","As a system- I want to save additional information about service booking","Task","","3.9","0.9","","","","","","","","","","","","","","","","","","","","","","","","","","","","","","","","","","","","","2025-03-24T02:26:22.418Z","2025-03-27T23:09:11.982Z","","","","","","","","","","","","","","","","","","","","","","","","","","","","","","","","","","","","","1","1","","","","","","","","","","","","","","","","","","","","","","","","","","","","","","","","","","","","","","","","2","In Progress","In Progress","High","[""LowerFunnel""-""Q2_25""]","SFCC Platform","","","","","","Tito Del Rosario Jr.","","","","2025-03-24T13:26:22.418+1100","2025-03-28T10:09:18.106+1100","","Commerce.Cloud",""
"COM-6076","https://mecca-brands.atlassian.net//browse/COM-6076","As a system- I want to update calculation of vouchersCount value exposed from Account-Header and Account-Show controllers","Task","","13.9","8.7","","","","","","","","","","","","","","","","","","","","","","","","","","","","","","","","","","","","","2025-03-06T06:10:19.196Z","2025-03-20T03:05:10.900Z","","","","","","","","","","","","","","","","","","","","","","","","","","","","","","","","","","","","","1","1","","","","","","","","","","","","","","","","","","","","","","","","","","","","","","","","","","","","","","","","3","In Progress","In Progress","Medium","[""LowerFunnel""-""Q2_25""]","SFCC Platform","","","","","","Tito Del Rosario Jr.","","","","2025-03-06T17:10:19.196+1100","2025-03-28T15:15:08.176+1100","","Commerce.Cloud",""
"COM-6064","https://mecca-brands.atlassian.net//browse/COM-6064","SFCC - avoid redundant inventory checks for order model creation","Task","","11","8.7","","","","1.2","","","","","","","0.8","1.1","15","","","","","","","","467.2","","","","","","","","","36.8","0.1","0.7","","","38.9","","2023-08-25T08:58:14.047Z","2024-03-25T04:38:06.427Z","","","","2023-10-29T23:29:08.693Z","","","","","","","2023-09-20T08:25:53.730Z","2025-03-27T01:18:26.621Z","2023-09-05T08:07:41.340Z","","","","","","","","2024-04-02T22:13:43.581Z","","","","","","","","","2025-02-18T02:49:22.574Z","2025-03-26T22:32:24.380Z","2025-03-28T02:41:13.844Z","","","2023-09-21T03:04:33.507Z","","1","1","","","","1","","","","","","","1","1","1","","","","","","","","2","","","","","","","","","1","1","1","","","2","","","","","2","Prod - Pre-check Deployment","In Progress","Low","[""LowerFunnel""-""SFCC""-""sfcc-tech-task""]","SFCC Platform","","","LFW-329","LFW - Checkout","Epic","Nikolay Latyshev","","","","2023-08-25T18:58:14.047+1000","2025-03-28T13:41:18.116+1100","","Commerce.Cloud",""
"COM-6061","https://mecca-brands.atlassian.net//browse/COM-6061","As a system- I want to allow a wishlist name update via Wishlist-Update controller","Task","","30.8","3.2","","","","","","","","","","","","","","","","","","","","","","","","","","","","","","3.8","4.3","0.6","","","","","2025-02-14T02:52:29.917Z","2025-03-16T22:38:30.628Z","","","","","","","","","","","","2025-03-28T05:46:09.916Z","","","","","","","","","","","","","","","","","","2025-03-20T03:11:05.392Z","2025-03-23T22:33:12.208Z","2025-03-28T05:46:18.894Z","","","","","1","1","","","","","","","","","","","","1","","","","","","","","","","","","","","","","","","1","1","1","","","","[""LFA - Sprint 31""-""LFA - Sprint 30""]","[""- MW UI dev donen- RN + Zustand upgrade releasedn- BE SFCC tickets done + MW BFF startedn- BE LMS integration complete for CoSn- Support: Alex""-""RN upgrade Dev DonenMemory leak - Understood nMW - UI tickets startednMW - 3 tickets progressed into UAT nSupport - Di (until 14th)""]","[""2025-03-18T23:56:34.386Z""-""2025-03-05T03:20:56.096Z""]","[""2025-04-01T13:00:00.000Z""-""2025-03-18T13:00:00.000Z""]","5","Prod - Pre-check Deployment","In Progress","Medium","","SFCC Platform","","","DMA-1161","Multiple Wishlists","Epic","Damian Justice","","","","2025-02-14T13:52:29.917+1100","2025-03-28T16:50:42.797+1100","","Commerce.Cloud",""
"COM-6009","https://mecca-brands.atlassian.net//browse/COM-6009","As a system- I want to expose a Customer SCAPI endpoint to allow customer to be modified by RDID","Task","","67.9","1.8","","","","","","","","","","","","0.9","","","","","","","","","","","","","","","","","","40","0.1","7","","15.6","","","2024-11-15T05:26:35.383Z","2025-01-22T03:57:37.207Z","","","","","","","","","","","","2025-03-05T05:37:58.199Z","","","","","","","","","","","","","","","","","","2025-03-05T03:43:11.768Z","2025-03-05T04:52:08.156Z","2025-03-06T03:43:57.123Z","2025-03-13T04:43:48.734Z","2025-03-13T04:43:50.223Z","","","1","1","","","","","","","","","","","","1","","","","","","","","","","","","","","","","","","2","2","1","1","1","","","","","","3","Closed","Done","Medium","[""LowerFunnel""-""Q1_25""-""SFCC-LFW-TD-Q1.2025""]","SFCC Platform","","","LFW-328","LFW - Technical Enhancements","Epic","Nikolay Latyshev","","","","2024-11-15T16:26:35.383+1100","2025-03-28T11:42:32.353+1100","","Commerce.Cloud",""
